"filename", "language", "JSON with Comments", "JavaScript", "JSON", "TypeScript", "HTML", "CSS", "XML", "Markdown", "SCSS", "comment", "blank", "total"
"c:\Users\Alejandro\Desktop\Semestre 1-2024\SW2\Proyecto Final\frontend-p2w2\README.md", "Markdown", 0, 0, 0, 0, 0, 0, 0, 15, 0, 0, 14, 29
"c:\Users\Alejandro\Desktop\Semestre 1-2024\SW2\Proyecto Final\frontend-p2w2\angular.json", "JSON", 0, 0, 105, 0, 0, 0, 0, 0, 0, 0, 1, 106
"c:\Users\Alejandro\Desktop\Semestre 1-2024\SW2\Proyecto Final\frontend-p2w2\package-lock.json", "JSON", 0, 0, 14063, 0, 0, 0, 0, 0, 0, 0, 1, 14064
"c:\Users\Alejandro\Desktop\Semestre 1-2024\SW2\Proyecto Final\frontend-p2w2\package.json", "JSON", 0, 0, 55, 0, 0, 0, 0, 0, 0, 0, 1, 56
"c:\Users\Alejandro\Desktop\Semestre 1-2024\SW2\Proyecto Final\frontend-p2w2\server.ts", "TypeScript", 0, 0, 0, 40, 0, 0, 0, 0, 0, 6, 11, 57
"c:\Users\Alejandro\Desktop\Semestre 1-2024\SW2\Proyecto Final\frontend-p2w2\src\app\alojamiento\alojamiento.component.css", "CSS", 0, 0, 0, 0, 0, 0, 0, 0, 0, 0, 1, 1
"c:\Users\Alejandro\Desktop\Semestre 1-2024\SW2\Proyecto Final\frontend-p2w2\src\app\alojamiento\alojamiento.component.html", "HTML", 0, 0, 0, 0, 1, 0, 0, 0, 0, 0, 1, 2
"c:\Users\Alejandro\Desktop\Semestre 1-2024\SW2\Proyecto Final\frontend-p2w2\src\app\alojamiento\alojamiento.component.ts", "TypeScript", 0, 0, 0, 10, 0, 0, 0, 0, 0, 0, 3, 13
"c:\Users\Alejandro\Desktop\Semestre 1-2024\SW2\Proyecto Final\frontend-p2w2\src\app\app.component.css", "CSS", 0, 0, 0, 0, 0, 0, 0, 0, 0, 0, 1, 1
"c:\Users\Alejandro\Desktop\Semestre 1-2024\SW2\Proyecto Final\frontend-p2w2\src\app\app.component.html", "HTML", 0, 0, 0, 0, 1, 0, 0, 0, 0, 0, 0, 1
"c:\Users\Alejandro\Desktop\Semestre 1-2024\SW2\Proyecto Final\frontend-p2w2\src\app\app.component.spec.ts", "TypeScript", 0, 0, 0, 25, 0, 0, 0, 0, 0, 0, 5, 30
"c:\Users\Alejandro\Desktop\Semestre 1-2024\SW2\Proyecto Final\frontend-p2w2\src\app\app.component.ts", "TypeScript", 0, 0, 0, 15, 0, 0, 0, 0, 0, 0, 2, 17
"c:\Users\Alejandro\Desktop\Semestre 1-2024\SW2\Proyecto Final\frontend-p2w2\src\app\app.config.server.ts", "TypeScript", 0, 0, 0, 9, 0, 0, 0, 0, 0, 0, 3, 12
"c:\Users\Alejandro\Desktop\Semestre 1-2024\SW2\Proyecto Final\frontend-p2w2\src\app\app.config.ts", "TypeScript", 0, 0, 0, 24, 0, 0, 0, 0, 0, 0, 6, 30
"c:\Users\Alejandro\Desktop\Semestre 1-2024\SW2\Proyecto Final\frontend-p2w2\src\app\app.routes.ts", "TypeScript", 0, 0, 0, 129, 0, 0, 0, 0, 0, 0, 3, 132
"c:\Users\Alejandro\Desktop\Semestre 1-2024\SW2\Proyecto Final\frontend-p2w2\src\app\authentication\authentication.component.css", "CSS", 0, 0, 0, 0, 0, 0, 0, 0, 0, 0, 1, 1
"c:\Users\Alejandro\Desktop\Semestre 1-2024\SW2\Proyecto Final\frontend-p2w2\src\app\authentication\authentication.component.html", "HTML", 0, 0, 0, 0, 20, 0, 0, 0, 0, 0, 0, 20
"c:\Users\Alejandro\Desktop\Semestre 1-2024\SW2\Proyecto Final\frontend-p2w2\src\app\authentication\authentication.component.ts", "TypeScript", 0, 0, 0, 11, 0, 0, 0, 0, 0, 0, 3, 14
"c:\Users\Alejandro\Desktop\Semestre 1-2024\SW2\Proyecto Final\frontend-p2w2\src\app\authentication\login\login.component.css", "CSS", 0, 0, 0, 0, 0, 0, 0, 0, 0, 0, 1, 1
"c:\Users\Alejandro\Desktop\Semestre 1-2024\SW2\Proyecto Final\frontend-p2w2\src\app\authentication\login\login.component.html", "HTML", 0, 0, 0, 0, 31, 0, 0, 0, 0, 5, 1, 37
"c:\Users\Alejandro\Desktop\Semestre 1-2024\SW2\Proyecto Final\frontend-p2w2\src\app\authentication\login\login.component.spec.ts", "TypeScript", 0, 0, 0, 18, 0, 0, 0, 0, 0, 0, 6, 24
"c:\Users\Alejandro\Desktop\Semestre 1-2024\SW2\Proyecto Final\frontend-p2w2\src\app\authentication\login\login.component.ts", "TypeScript", 0, 0, 0, 42, 0, 0, 0, 0, 0, 1, 7, 50
"c:\Users\Alejandro\Desktop\Semestre 1-2024\SW2\Proyecto Final\frontend-p2w2\src\app\authentication\registre\registre.component.css", "CSS", 0, 0, 0, 0, 0, 0, 0, 0, 0, 0, 1, 1
"c:\Users\Alejandro\Desktop\Semestre 1-2024\SW2\Proyecto Final\frontend-p2w2\src\app\authentication\registre\registre.component.html", "HTML", 0, 0, 0, 0, 63, 0, 0, 0, 0, 10, 1, 74
"c:\Users\Alejandro\Desktop\Semestre 1-2024\SW2\Proyecto Final\frontend-p2w2\src\app\authentication\registre\registre.component.ts", "TypeScript", 0, 0, 0, 43, 0, 0, 0, 0, 0, 1, 7, 51
"c:\Users\Alejandro\Desktop\Semestre 1-2024\SW2\Proyecto Final\frontend-p2w2\src\app\dashboard\dashboard.component.css", "CSS", 0, 0, 0, 0, 0, 0, 0, 0, 0, 0, 1, 1
"c:\Users\Alejandro\Desktop\Semestre 1-2024\SW2\Proyecto Final\frontend-p2w2\src\app\dashboard\dashboard.component.html", "HTML", 0, 0, 0, 0, 43, 0, 0, 0, 0, 3, 0, 46
"c:\Users\Alejandro\Desktop\Semestre 1-2024\SW2\Proyecto Final\frontend-p2w2\src\app\dashboard\dashboard.component.ts", "TypeScript", 0, 0, 0, 61, 0, 0, 0, 0, 0, 0, 9, 70
"c:\Users\Alejandro\Desktop\Semestre 1-2024\SW2\Proyecto Final\frontend-p2w2\src\app\dashboard\pages\offer\offer.component.css", "CSS", 0, 0, 0, 0, 0, 18, 0, 0, 0, 0, 4, 22
"c:\Users\Alejandro\Desktop\Semestre 1-2024\SW2\Proyecto Final\frontend-p2w2\src\app\dashboard\pages\offer\offer.component.html", "HTML", 0, 0, 0, 0, 173, 0, 0, 0, 0, 18, 9, 200
"c:\Users\Alejandro\Desktop\Semestre 1-2024\SW2\Proyecto Final\frontend-p2w2\src\app\dashboard\pages\offer\offer.component.spec.ts", "TypeScript", 0, 0, 0, 18, 0, 0, 0, 0, 0, 0, 6, 24
"c:\Users\Alejandro\Desktop\Semestre 1-2024\SW2\Proyecto Final\frontend-p2w2\src\app\dashboard\pages\offer\offer.component.ts", "TypeScript", 0, 0, 0, 126, 0, 0, 0, 0, 0, 15, 14, 155
"c:\Users\Alejandro\Desktop\Semestre 1-2024\SW2\Proyecto Final\frontend-p2w2\src\app\dashboard\pages\offer\offer.service.ts", "TypeScript", 0, 0, 0, 34, 0, 0, 0, 0, 0, 2, 6, 42
"c:\Users\Alejandro\Desktop\Semestre 1-2024\SW2\Proyecto Final\frontend-p2w2\src\app\dashboard\pages\offers-list\offers-list.component.css", "CSS", 0, 0, 0, 0, 0, 0, 0, 0, 0, 0, 1, 1
"c:\Users\Alejandro\Desktop\Semestre 1-2024\SW2\Proyecto Final\frontend-p2w2\src\app\dashboard\pages\offers-list\offers-list.component.html", "HTML", 0, 0, 0, 0, 97, 0, 0, 0, 0, 9, 2, 108
"c:\Users\Alejandro\Desktop\Semestre 1-2024\SW2\Proyecto Final\frontend-p2w2\src\app\dashboard\pages\offers-list\offers-list.component.ts", "TypeScript", 0, 0, 0, 24, 0, 0, 0, 0, 0, 0, 5, 29
"c:\Users\Alejandro\Desktop\Semestre 1-2024\SW2\Proyecto Final\frontend-p2w2\src\app\dashboard\pages\offers-list\offers-list.service.ts", "TypeScript", 0, 0, 0, 214, 0, 0, 0, 0, 0, 0, 5, 219
"c:\Users\Alejandro\Desktop\Semestre 1-2024\SW2\Proyecto Final\frontend-p2w2\src\app\dashboard\pages\payment-list\payment-list.component.css", "CSS", 0, 0, 0, 0, 0, 0, 0, 0, 0, 0, 1, 1
"c:\Users\Alejandro\Desktop\Semestre 1-2024\SW2\Proyecto Final\frontend-p2w2\src\app\dashboard\pages\payment-list\payment-list.component.html", "HTML", 0, 0, 0, 0, 71, 0, 0, 0, 0, 0, 0, 71
"c:\Users\Alejandro\Desktop\Semestre 1-2024\SW2\Proyecto Final\frontend-p2w2\src\app\dashboard\pages\payment-list\payment-list.component.spec.ts", "TypeScript", 0, 0, 0, 18, 0, 0, 0, 0, 0, 0, 6, 24
"c:\Users\Alejandro\Desktop\Semestre 1-2024\SW2\Proyecto Final\frontend-p2w2\src\app\dashboard\pages\payment-list\payment-list.component.ts", "TypeScript", 0, 0, 0, 10, 0, 0, 0, 0, 0, 0, 3, 13
"c:\Users\Alejandro\Desktop\Semestre 1-2024\SW2\Proyecto Final\frontend-p2w2\src\app\dashboard\pages\perfil\perfil.component.css", "CSS", 0, 0, 0, 0, 0, 18, 0, 0, 0, 0, 4, 22
"c:\Users\Alejandro\Desktop\Semestre 1-2024\SW2\Proyecto Final\frontend-p2w2\src\app\dashboard\pages\perfil\perfil.component.html", "HTML", 0, 0, 0, 0, 116, 0, 0, 0, 0, 25, 9, 150
"c:\Users\Alejandro\Desktop\Semestre 1-2024\SW2\Proyecto Final\frontend-p2w2\src\app\dashboard\pages\perfil\perfil.component.ts", "TypeScript", 0, 0, 0, 117, 0, 0, 0, 0, 0, 6, 17, 140
"c:\Users\Alejandro\Desktop\Semestre 1-2024\SW2\Proyecto Final\frontend-p2w2\src\app\dashboard\pages\perfil\perfil.service.spec.ts", "TypeScript", 0, 0, 0, 12, 0, 0, 0, 0, 0, 0, 5, 17
"c:\Users\Alejandro\Desktop\Semestre 1-2024\SW2\Proyecto Final\frontend-p2w2\src\app\dashboard\pages\perfil\perfil.service.ts", "TypeScript", 0, 0, 0, 7, 0, 0, 0, 0, 0, 0, 3, 10
"c:\Users\Alejandro\Desktop\Semestre 1-2024\SW2\Proyecto Final\frontend-p2w2\src\app\dashboard\servicio-dashboard.service.ts", "TypeScript", 0, 0, 0, 24, 0, 0, 0, 0, 0, 1, 9, 34
"c:\Users\Alejandro\Desktop\Semestre 1-2024\SW2\Proyecto Final\frontend-p2w2\src\app\home\components\search-bar\search-bar.component.css", "CSS", 0, 0, 0, 0, 0, 0, 0, 0, 0, 0, 1, 1
"c:\Users\Alejandro\Desktop\Semestre 1-2024\SW2\Proyecto Final\frontend-p2w2\src\app\home\components\search-bar\search-bar.component.html", "HTML", 0, 0, 0, 0, 20, 0, 0, 0, 0, 0, 0, 20
"c:\Users\Alejandro\Desktop\Semestre 1-2024\SW2\Proyecto Final\frontend-p2w2\src\app\home\components\search-bar\search-bar.component.ts", "TypeScript", 0, 0, 0, 54, 0, 0, 0, 0, 0, 5, 12, 71
"c:\Users\Alejandro\Desktop\Semestre 1-2024\SW2\Proyecto Final\frontend-p2w2\src\app\home\components\search-bar\widgets\alojamiento\opcion1\opcion1.component.css", "CSS", 0, 0, 0, 0, 0, 0, 0, 0, 0, 0, 1, 1
"c:\Users\Alejandro\Desktop\Semestre 1-2024\SW2\Proyecto Final\frontend-p2w2\src\app\home\components\search-bar\widgets\alojamiento\opcion1\opcion1.component.html", "HTML", 0, 0, 0, 0, 28, 0, 0, 0, 0, 3, 0, 31
"c:\Users\Alejandro\Desktop\Semestre 1-2024\SW2\Proyecto Final\frontend-p2w2\src\app\home\components\search-bar\widgets\alojamiento\opcion1\opcion1.component.ts", "TypeScript", 0, 0, 0, 17, 0, 0, 0, 0, 0, 0, 6, 23
"c:\Users\Alejandro\Desktop\Semestre 1-2024\SW2\Proyecto Final\frontend-p2w2\src\app\home\components\search-bar\widgets\alojamiento\opcion1\opcion1.service.ts", "TypeScript", 0, 0, 0, 31, 0, 0, 0, 0, 0, 0, 8, 39
"c:\Users\Alejandro\Desktop\Semestre 1-2024\SW2\Proyecto Final\frontend-p2w2\src\app\home\components\search-bar\widgets\alojamiento\opcion2\opcion2.component.css", "CSS", 0, 0, 0, 0, 0, 7, 0, 0, 0, 1, 2, 10
"c:\Users\Alejandro\Desktop\Semestre 1-2024\SW2\Proyecto Final\frontend-p2w2\src\app\home\components\search-bar\widgets\alojamiento\opcion2\opcion2.component.html", "HTML", 0, 0, 0, 0, 35, 0, 0, 0, 0, 3, 0, 38
"c:\Users\Alejandro\Desktop\Semestre 1-2024\SW2\Proyecto Final\frontend-p2w2\src\app\home\components\search-bar\widgets\alojamiento\opcion2\opcion2.component.ts", "TypeScript", 0, 0, 0, 66, 0, 0, 0, 0, 0, 0, 9, 75
"c:\Users\Alejandro\Desktop\Semestre 1-2024\SW2\Proyecto Final\frontend-p2w2\src\app\home\components\search-bar\widgets\alojamiento\opcion2\opcion2.service.ts", "TypeScript", 0, 0, 0, 19, 0, 0, 0, 0, 0, 0, 8, 27
"c:\Users\Alejandro\Desktop\Semestre 1-2024\SW2\Proyecto Final\frontend-p2w2\src\app\home\components\search-bar\widgets\alojamiento\opcion3\opcion3.component.css", "CSS", 0, 0, 0, 0, 0, 0, 0, 0, 0, 0, 1, 1
"c:\Users\Alejandro\Desktop\Semestre 1-2024\SW2\Proyecto Final\frontend-p2w2\src\app\home\components\search-bar\widgets\alojamiento\opcion3\opcion3.component.html", "HTML", 0, 0, 0, 0, 30, 0, 0, 0, 0, 5, 0, 35
"c:\Users\Alejandro\Desktop\Semestre 1-2024\SW2\Proyecto Final\frontend-p2w2\src\app\home\components\search-bar\widgets\alojamiento\opcion3\opcion3.component.ts", "TypeScript", 0, 0, 0, 35, 0, 0, 0, 0, 0, 3, 8, 46
"c:\Users\Alejandro\Desktop\Semestre 1-2024\SW2\Proyecto Final\frontend-p2w2\src\app\home\components\search-bar\widgets\alojamiento\opcion3\opcion3.service.ts", "TypeScript", 0, 0, 0, 17, 0, 0, 0, 0, 0, 0, 3, 20
"c:\Users\Alejandro\Desktop\Semestre 1-2024\SW2\Proyecto Final\frontend-p2w2\src\app\home\components\search-bar\widgets\atraccion-turistica\opcion1\opcion1.component.css", "CSS", 0, 0, 0, 0, 0, 0, 0, 0, 0, 0, 1, 1
"c:\Users\Alejandro\Desktop\Semestre 1-2024\SW2\Proyecto Final\frontend-p2w2\src\app\home\components\search-bar\widgets\atraccion-turistica\opcion1\opcion1.component.html", "HTML", 0, 0, 0, 0, 6, 0, 0, 0, 0, 0, 0, 6
"c:\Users\Alejandro\Desktop\Semestre 1-2024\SW2\Proyecto Final\frontend-p2w2\src\app\home\components\search-bar\widgets\atraccion-turistica\opcion1\opcion1.component.ts", "TypeScript", 0, 0, 0, 19, 0, 0, 0, 0, 0, 0, 4, 23
"c:\Users\Alejandro\Desktop\Semestre 1-2024\SW2\Proyecto Final\frontend-p2w2\src\app\home\components\search-bar\widgets\atraccion-turistica\opcion1\opcion1.service.ts", "TypeScript", 0, 0, 0, 7, 0, 0, 0, 0, 0, 0, 3, 10
"c:\Users\Alejandro\Desktop\Semestre 1-2024\SW2\Proyecto Final\frontend-p2w2\src\app\home\components\search-bar\widgets\atraccion-turistica\opcion2\opcion2.component.css", "CSS", 0, 0, 0, 0, 0, 0, 0, 0, 0, 0, 1, 1
"c:\Users\Alejandro\Desktop\Semestre 1-2024\SW2\Proyecto Final\frontend-p2w2\src\app\home\components\search-bar\widgets\atraccion-turistica\opcion2\opcion2.component.html", "HTML", 0, 0, 0, 0, 6, 0, 0, 0, 0, 0, 0, 6
"c:\Users\Alejandro\Desktop\Semestre 1-2024\SW2\Proyecto Final\frontend-p2w2\src\app\home\components\search-bar\widgets\atraccion-turistica\opcion2\opcion2.component.ts", "TypeScript", 0, 0, 0, 19, 0, 0, 0, 0, 0, 0, 4, 23
"c:\Users\Alejandro\Desktop\Semestre 1-2024\SW2\Proyecto Final\frontend-p2w2\src\app\home\components\search-bar\widgets\atraccion-turistica\opcion2\opcion2.service.ts", "TypeScript", 0, 0, 0, 7, 0, 0, 0, 0, 0, 0, 3, 10
"c:\Users\Alejandro\Desktop\Semestre 1-2024\SW2\Proyecto Final\frontend-p2w2\src\app\home\components\search-bar\widgets\vuelos\opcion1\opcion1.component.css", "CSS", 0, 0, 0, 0, 0, 0, 0, 0, 0, 0, 1, 1
"c:\Users\Alejandro\Desktop\Semestre 1-2024\SW2\Proyecto Final\frontend-p2w2\src\app\home\components\search-bar\widgets\vuelos\opcion1\opcion1.component.html", "HTML", 0, 0, 0, 0, 6, 0, 0, 0, 0, 2, 0, 8
"c:\Users\Alejandro\Desktop\Semestre 1-2024\SW2\Proyecto Final\frontend-p2w2\src\app\home\components\search-bar\widgets\vuelos\opcion1\opcion1.component.ts", "TypeScript", 0, 0, 0, 19, 0, 0, 0, 0, 0, 0, 3, 22
"c:\Users\Alejandro\Desktop\Semestre 1-2024\SW2\Proyecto Final\frontend-p2w2\src\app\home\components\search-bar\widgets\vuelos\opcion3\opcion3.component.css", "CSS", 0, 0, 0, 0, 0, 0, 0, 0, 0, 0, 1, 1
"c:\Users\Alejandro\Desktop\Semestre 1-2024\SW2\Proyecto Final\frontend-p2w2\src\app\home\components\search-bar\widgets\vuelos\opcion3\opcion3.component.html", "HTML", 0, 0, 0, 0, 29, 0, 0, 0, 0, 3, 0, 32
"c:\Users\Alejandro\Desktop\Semestre 1-2024\SW2\Proyecto Final\frontend-p2w2\src\app\home\components\search-bar\widgets\vuelos\opcion3\opcion3.component.ts", "TypeScript", 0, 0, 0, 35, 0, 0, 0, 0, 0, 3, 7, 45
"c:\Users\Alejandro\Desktop\Semestre 1-2024\SW2\Proyecto Final\frontend-p2w2\src\app\home\components\search-bar\widgets\vuelos\opcion3\opcion3.service.ts", "TypeScript", 0, 0, 0, 18, 0, 0, 0, 0, 0, 0, 4, 22
"c:\Users\Alejandro\Desktop\Semestre 1-2024\SW2\Proyecto Final\frontend-p2w2\src\app\home\components\search-bar\widgets\vuelos\opcion4\opcion4.component.css", "CSS", 0, 0, 0, 0, 0, 0, 0, 0, 0, 0, 1, 1
"c:\Users\Alejandro\Desktop\Semestre 1-2024\SW2\Proyecto Final\frontend-p2w2\src\app\home\components\search-bar\widgets\vuelos\opcion4\opcion4.component.html", "HTML", 0, 0, 0, 0, 20, 0, 0, 0, 0, 3, 0, 23
"c:\Users\Alejandro\Desktop\Semestre 1-2024\SW2\Proyecto Final\frontend-p2w2\src\app\home\components\search-bar\widgets\vuelos\opcion4\opcion4.component.ts", "TypeScript", 0, 0, 0, 22, 0, 0, 0, 0, 0, 0, 5, 27
"c:\Users\Alejandro\Desktop\Semestre 1-2024\SW2\Proyecto Final\frontend-p2w2\src\app\home\components\search-bar\widgets\vuelos\opcion4\opcion4.service.ts", "TypeScript", 0, 0, 0, 11, 0, 0, 0, 0, 0, 0, 3, 14
"c:\Users\Alejandro\Desktop\Semestre 1-2024\SW2\Proyecto Final\frontend-p2w2\src\app\home\home.component.css", "CSS", 0, 0, 0, 0, 0, 10, 0, 0, 0, 1, 5, 16
"c:\Users\Alejandro\Desktop\Semestre 1-2024\SW2\Proyecto Final\frontend-p2w2\src\app\home\home.component.html", "HTML", 0, 0, 0, 0, 63, 0, 0, 0, 0, 0, 2, 65
"c:\Users\Alejandro\Desktop\Semestre 1-2024\SW2\Proyecto Final\frontend-p2w2\src\app\home\home.component.ts", "TypeScript", 0, 0, 0, 81, 0, 0, 0, 0, 0, 1, 16, 98
"c:\Users\Alejandro\Desktop\Semestre 1-2024\SW2\Proyecto Final\frontend-p2w2\src\app\home\pages\alojamiento\alojamiento.component.css", "CSS", 0, 0, 0, 0, 0, 20, 0, 0, 0, 0, 6, 26
"c:\Users\Alejandro\Desktop\Semestre 1-2024\SW2\Proyecto Final\frontend-p2w2\src\app\home\pages\alojamiento\alojamiento.component.html", "HTML", 0, 0, 0, 0, 82, 0, 0, 0, 0, 0, 0, 82
"c:\Users\Alejandro\Desktop\Semestre 1-2024\SW2\Proyecto Final\frontend-p2w2\src\app\home\pages\alojamiento\alojamiento.component.ts", "TypeScript", 0, 0, 0, 202, 0, 0, 0, 0, 0, 1, 25, 228
"c:\Users\Alejandro\Desktop\Semestre 1-2024\SW2\Proyecto Final\frontend-p2w2\src\app\home\pages\search-result-alojamiento\search-result-alojamiento.component.css", "CSS", 0, 0, 0, 0, 0, 0, 0, 0, 0, 3, 0, 3
"c:\Users\Alejandro\Desktop\Semestre 1-2024\SW2\Proyecto Final\frontend-p2w2\src\app\home\pages\search-result-alojamiento\search-result-alojamiento.component.html", "HTML", 0, 0, 0, 0, 100, 0, 0, 0, 0, 8, 1, 109
"c:\Users\Alejandro\Desktop\Semestre 1-2024\SW2\Proyecto Final\frontend-p2w2\src\app\home\pages\search-result-alojamiento\search-result-alojamiento.component.ts", "TypeScript", 0, 0, 0, 53, 0, 0, 0, 0, 0, 108, 9, 170
"c:\Users\Alejandro\Desktop\Semestre 1-2024\SW2\Proyecto Final\frontend-p2w2\src\app\home\pages\turismo\turismo.component.css", "CSS", 0, 0, 0, 0, 0, 9, 0, 0, 0, 0, 2, 11
"c:\Users\Alejandro\Desktop\Semestre 1-2024\SW2\Proyecto Final\frontend-p2w2\src\app\home\pages\turismo\turismo.component.html", "HTML", 0, 0, 0, 0, 18, 0, 0, 0, 0, 0, 0, 18
"c:\Users\Alejandro\Desktop\Semestre 1-2024\SW2\Proyecto Final\frontend-p2w2\src\app\home\pages\turismo\turismo.component.ts", "TypeScript", 0, 0, 0, 82, 0, 0, 0, 0, 0, 2, 5, 89
"c:\Users\Alejandro\Desktop\Semestre 1-2024\SW2\Proyecto Final\frontend-p2w2\src\app\home\pages\vuelo\vuelo.component.css", "CSS", 0, 0, 0, 0, 0, 0, 0, 0, 0, 0, 1, 1
"c:\Users\Alejandro\Desktop\Semestre 1-2024\SW2\Proyecto Final\frontend-p2w2\src\app\home\pages\vuelo\vuelo.component.html", "HTML", 0, 0, 0, 0, 24, 0, 0, 0, 0, 0, 1, 25
"c:\Users\Alejandro\Desktop\Semestre 1-2024\SW2\Proyecto Final\frontend-p2w2\src\app\home\pages\vuelo\vuelo.component.ts", "TypeScript", 0, 0, 0, 74, 0, 0, 0, 0, 0, 13, 15, 102
"c:\Users\Alejandro\Desktop\Semestre 1-2024\SW2\Proyecto Final\frontend-p2w2\src\app\home\servicio-home.service.ts", "TypeScript", 0, 0, 0, 23, 0, 0, 0, 0, 0, 0, 9, 32
"c:\Users\Alejandro\Desktop\Semestre 1-2024\SW2\Proyecto Final\frontend-p2w2\src\app\services\payment-stripe.service.ts", "TypeScript", 0, 0, 0, 34, 0, 0, 0, 0, 0, 0, 4, 38
"c:\Users\Alejandro\Desktop\Semestre 1-2024\SW2\Proyecto Final\frontend-p2w2\src\app\serviciosPayments\offers\offers.component.css", "CSS", 0, 0, 0, 0, 0, 0, 0, 0, 0, 0, 1, 1
"c:\Users\Alejandro\Desktop\Semestre 1-2024\SW2\Proyecto Final\frontend-p2w2\src\app\serviciosPayments\offers\offers.component.html", "HTML", 0, 0, 0, 0, 34, 0, 0, 0, 0, 0, 3, 37
"c:\Users\Alejandro\Desktop\Semestre 1-2024\SW2\Proyecto Final\frontend-p2w2\src\app\serviciosPayments\offers\offers.component.ts", "TypeScript", 0, 0, 0, 63, 0, 0, 0, 0, 0, 0, 8, 71
"c:\Users\Alejandro\Desktop\Semestre 1-2024\SW2\Proyecto Final\frontend-p2w2\src\app\serviciosPayments\payments\payments.component.css", "CSS", 0, 0, 0, 0, 0, 0, 0, 0, 0, 0, 1, 1
"c:\Users\Alejandro\Desktop\Semestre 1-2024\SW2\Proyecto Final\frontend-p2w2\src\app\serviciosPayments\payments\payments.component.html", "HTML", 0, 0, 0, 0, 1, 0, 0, 0, 0, 0, 0, 1
"c:\Users\Alejandro\Desktop\Semestre 1-2024\SW2\Proyecto Final\frontend-p2w2\src\app\serviciosPayments\payments\payments.component.ts", "TypeScript", 0, 0, 0, 10, 0, 0, 0, 0, 0, 0, 3, 13
"c:\Users\Alejandro\Desktop\Semestre 1-2024\SW2\Proyecto Final\frontend-p2w2\src\app\shared\input-number\input-number.component.css", "CSS", 0, 0, 0, 0, 0, 11, 0, 0, 0, 1, 2, 14
"c:\Users\Alejandro\Desktop\Semestre 1-2024\SW2\Proyecto Final\frontend-p2w2\src\app\shared\input-number\input-number.component.html", "HTML", 0, 0, 0, 0, 8, 0, 0, 0, 0, 0, 0, 8
"c:\Users\Alejandro\Desktop\Semestre 1-2024\SW2\Proyecto Final\frontend-p2w2\src\app\shared\input-number\input-number.component.ts", "TypeScript", 0, 0, 0, 30, 0, 0, 0, 0, 0, 1, 5, 36
"c:\Users\Alejandro\Desktop\Semestre 1-2024\SW2\Proyecto Final\frontend-p2w2\src\assets\aire-libre.svg", "XML", 0, 0, 0, 0, 0, 0, 1, 0, 0, 0, 0, 1
"c:\Users\Alejandro\Desktop\Semestre 1-2024\SW2\Proyecto Final\frontend-p2w2\src\assets\alojamiento.svg", "XML", 0, 0, 0, 0, 0, 0, 1, 0, 0, 0, 0, 1
"c:\Users\Alejandro\Desktop\Semestre 1-2024\SW2\Proyecto Final\frontend-p2w2\src\assets\analisis.svg", "XML", 0, 0, 0, 0, 0, 0, 1, 0, 0, 0, 0, 1
"c:\Users\Alejandro\Desktop\Semestre 1-2024\SW2\Proyecto Final\frontend-p2w2\src\assets\arrow-down.svg", "XML", 0, 0, 0, 0, 0, 0, 4, 0, 0, 0, 0, 4
"c:\Users\Alejandro\Desktop\Semestre 1-2024\SW2\Proyecto Final\frontend-p2w2\src\assets\atraccion-turistica.svg", "XML", 0, 0, 0, 0, 0, 0, 1, 0, 0, 0, 0, 1
"c:\Users\Alejandro\Desktop\Semestre 1-2024\SW2\Proyecto Final\frontend-p2w2\src\assets\atraccion-turistica2.svg", "XML", 0, 0, 0, 0, 0, 0, 1, 0, 0, 0, 0, 1
"c:\Users\Alejandro\Desktop\Semestre 1-2024\SW2\Proyecto Final\frontend-p2w2\src\assets\avion.svg", "XML", 0, 0, 0, 0, 0, 0, 5, 0, 0, 0, 0, 5
"c:\Users\Alejandro\Desktop\Semestre 1-2024\SW2\Proyecto Final\frontend-p2w2\src\assets\calendario.svg", "XML", 0, 0, 0, 0, 0, 0, 1, 0, 0, 0, 0, 1
"c:\Users\Alejandro\Desktop\Semestre 1-2024\SW2\Proyecto Final\frontend-p2w2\src\assets\calendarioListPayment.svg", "XML", 0, 0, 0, 0, 0, 0, 1, 0, 0, 0, 0, 1
"c:\Users\Alejandro\Desktop\Semestre 1-2024\SW2\Proyecto Final\frontend-p2w2\src\assets\camaListOffers.svg", "XML", 0, 0, 0, 0, 0, 0, 1, 0, 0, 0, 0, 1
"c:\Users\Alejandro\Desktop\Semestre 1-2024\SW2\Proyecto Final\frontend-p2w2\src\assets\cerrar-sesion.svg", "XML", 0, 0, 0, 0, 0, 0, 1, 0, 0, 0, 0, 1
"c:\Users\Alejandro\Desktop\Semestre 1-2024\SW2\Proyecto Final\frontend-p2w2\src\assets\check.svg", "XML", 0, 0, 0, 0, 0, 0, 1, 0, 0, 0, 0, 1
"c:\Users\Alejandro\Desktop\Semestre 1-2024\SW2\Proyecto Final\frontend-p2w2\src\assets\ciudad.svg", "XML", 0, 0, 0, 0, 0, 0, 1, 0, 0, 0, 0, 1
"c:\Users\Alejandro\Desktop\Semestre 1-2024\SW2\Proyecto Final\frontend-p2w2\src\assets\clasePasajero.svg", "XML", 0, 0, 0, 0, 0, 0, 1, 0, 0, 0, 0, 1
"c:\Users\Alejandro\Desktop\Semestre 1-2024\SW2\Proyecto Final\frontend-p2w2\src\assets\close.svg", "XML", 0, 0, 0, 0, 0, 0, 5, 0, 0, 0, 0, 5
"c:\Users\Alejandro\Desktop\Semestre 1-2024\SW2\Proyecto Final\frontend-p2w2\src\assets\cuartoAlojamiento.svg", "XML", 0, 0, 0, 0, 0, 0, 1, 0, 0, 0, 0, 1
"c:\Users\Alejandro\Desktop\Semestre 1-2024\SW2\Proyecto Final\frontend-p2w2\src\assets\delete.svg", "XML", 0, 0, 0, 0, 0, 0, 1, 0, 0, 0, 0, 1
"c:\Users\Alejandro\Desktop\Semestre 1-2024\SW2\Proyecto Final\frontend-p2w2\src\assets\deleteListOffers.svg", "XML", 0, 0, 0, 0, 0, 0, 1, 0, 0, 0, 0, 1
"c:\Users\Alejandro\Desktop\Semestre 1-2024\SW2\Proyecto Final\frontend-p2w2\src\assets\editarListOffers.svg", "XML", 0, 0, 0, 0, 0, 0, 1, 0, 0, 0, 0, 1
"c:\Users\Alejandro\Desktop\Semestre 1-2024\SW2\Proyecto Final\frontend-p2w2\src\assets\emergencias.svg", "XML", 0, 0, 0, 0, 0, 0, 1, 0, 0, 0, 0, 1
"c:\Users\Alejandro\Desktop\Semestre 1-2024\SW2\Proyecto Final\frontend-p2w2\src\assets\estrella.svg", "XML", 0, 0, 0, 0, 0, 0, 5, 0, 0, 0, 0, 5
"c:\Users\Alejandro\Desktop\Semestre 1-2024\SW2\Proyecto Final\frontend-p2w2\src\assets\eyeListOffers.svg", "XML", 0, 0, 0, 0, 0, 0, 1, 0, 0, 0, 0, 1
"c:\Users\Alejandro\Desktop\Semestre 1-2024\SW2\Proyecto Final\frontend-p2w2\src\assets\felcha_right.svg", "XML", 0, 0, 0, 0, 0, 0, 1, 0, 0, 0, 0, 1
"c:\Users\Alejandro\Desktop\Semestre 1-2024\SW2\Proyecto Final\frontend-p2w2\src\assets\gratis.svg", "XML", 0, 0, 0, 0, 0, 0, 5, 0, 0, 0, 0, 5
"c:\Users\Alejandro\Desktop\Semestre 1-2024\SW2\Proyecto Final\frontend-p2w2\src\assets\helpIcon.svg", "XML", 0, 0, 0, 0, 0, 0, 1, 0, 0, 0, 0, 1
"c:\Users\Alejandro\Desktop\Semestre 1-2024\SW2\Proyecto Final\frontend-p2w2\src\assets\iconBuscador.svg", "XML", 0, 0, 0, 0, 0, 0, 1, 0, 0, 0, 0, 1
"c:\Users\Alejandro\Desktop\Semestre 1-2024\SW2\Proyecto Final\frontend-p2w2\src\assets\iconLeft.svg", "XML", 0, 0, 0, 0, 0, 0, 1, 0, 0, 0, 0, 1
"c:\Users\Alejandro\Desktop\Semestre 1-2024\SW2\Proyecto Final\frontend-p2w2\src\assets\iconRight.svg", "XML", 0, 0, 0, 0, 0, 0, 1, 0, 0, 0, 0, 1
"c:\Users\Alejandro\Desktop\Semestre 1-2024\SW2\Proyecto Final\frontend-p2w2\src\assets\iconoOfertaServicio.svg", "XML", 0, 0, 0, 0, 0, 0, 1, 0, 0, 0, 0, 1
"c:\Users\Alejandro\Desktop\Semestre 1-2024\SW2\Proyecto Final\frontend-p2w2\src\assets\like.svg", "XML", 0, 0, 0, 0, 0, 0, 1, 0, 0, 0, 0, 1
"c:\Users\Alejandro\Desktop\Semestre 1-2024\SW2\Proyecto Final\frontend-p2w2\src\assets\location.svg", "XML", 0, 0, 0, 0, 0, 0, 5, 0, 0, 0, 0, 5
"c:\Users\Alejandro\Desktop\Semestre 1-2024\SW2\Proyecto Final\frontend-p2w2\src\assets\love.svg", "XML", 0, 0, 0, 0, 0, 0, 1, 0, 0, 0, 0, 1
"c:\Users\Alejandro\Desktop\Semestre 1-2024\SW2\Proyecto Final\frontend-p2w2\src\assets\montoDinero.svg", "XML", 0, 0, 0, 0, 0, 0, 1, 0, 0, 0, 0, 1
"c:\Users\Alejandro\Desktop\Semestre 1-2024\SW2\Proyecto Final\frontend-p2w2\src\assets\on-premises.svg", "XML", 0, 0, 0, 0, 0, 0, 5, 0, 0, 0, 0, 5
"c:\Users\Alejandro\Desktop\Semestre 1-2024\SW2\Proyecto Final\frontend-p2w2\src\assets\paymentList.svg", "XML", 0, 0, 0, 0, 0, 0, 5, 0, 0, 0, 0, 5
"c:\Users\Alejandro\Desktop\Semestre 1-2024\SW2\Proyecto Final\frontend-p2w2\src\assets\payments.svg", "XML", 0, 0, 0, 0, 0, 0, 1, 0, 0, 0, 0, 1
"c:\Users\Alejandro\Desktop\Semestre 1-2024\SW2\Proyecto Final\frontend-p2w2\src\assets\perfilAuth.svg", "XML", 0, 0, 0, 0, 0, 0, 1, 0, 0, 0, 0, 1
"c:\Users\Alejandro\Desktop\Semestre 1-2024\SW2\Proyecto Final\frontend-p2w2\src\assets\perfilEmpresa.svg", "XML", 0, 0, 0, 0, 0, 0, 1, 0, 0, 0, 0, 1
"c:\Users\Alejandro\Desktop\Semestre 1-2024\SW2\Proyecto Final\frontend-p2w2\src\assets\playa.svg", "XML", 0, 0, 0, 0, 0, 0, 1, 0, 0, 0, 0, 1
"c:\Users\Alejandro\Desktop\Semestre 1-2024\SW2\Proyecto Final\frontend-p2w2\src\assets\relax.svg", "XML", 0, 0, 0, 0, 0, 0, 1, 0, 0, 0, 0, 1
"c:\Users\Alejandro\Desktop\Semestre 1-2024\SW2\Proyecto Final\frontend-p2w2\src\assets\servicios.svg", "XML", 0, 0, 0, 0, 0, 0, 1, 0, 0, 0, 0, 1
"c:\Users\Alejandro\Desktop\Semestre 1-2024\SW2\Proyecto Final\frontend-p2w2\src\assets\signo-exclamacion.svg", "XML", 0, 0, 0, 0, 0, 0, 5, 0, 0, 0, 0, 5
"c:\Users\Alejandro\Desktop\Semestre 1-2024\SW2\Proyecto Final\frontend-p2w2\src\assets\subcripcion.svg", "XML", 0, 0, 0, 0, 0, 0, 1, 0, 0, 0, 0, 1
"c:\Users\Alejandro\Desktop\Semestre 1-2024\SW2\Proyecto Final\frontend-p2w2\src\assets\suma.svg", "XML", 0, 0, 0, 0, 0, 0, 4, 0, 0, 0, 0, 4
"c:\Users\Alejandro\Desktop\Semestre 1-2024\SW2\Proyecto Final\frontend-p2w2\src\assets\tarejetaCredito.svg", "XML", 0, 0, 0, 0, 0, 0, 1, 0, 0, 0, 0, 1
"c:\Users\Alejandro\Desktop\Semestre 1-2024\SW2\Proyecto Final\frontend-p2w2\src\assets\verified.svg", "XML", 0, 0, 0, 0, 0, 0, 5, 0, 0, 0, 0, 5
"c:\Users\Alejandro\Desktop\Semestre 1-2024\SW2\Proyecto Final\frontend-p2w2\src\assets\visionOffListOffers.svg", "XML", 0, 0, 0, 0, 0, 0, 1, 0, 0, 0, 0, 1
"c:\Users\Alejandro\Desktop\Semestre 1-2024\SW2\Proyecto Final\frontend-p2w2\src\assets\vuelo.svg", "XML", 0, 0, 0, 0, 0, 0, 1, 0, 0, 0, 0, 1
"c:\Users\Alejandro\Desktop\Semestre 1-2024\SW2\Proyecto Final\frontend-p2w2\src\custom-theme.scss", "SCSS", 0, 0, 0, 0, 0, 0, 0, 0, 15, 15, 5, 35
"c:\Users\Alejandro\Desktop\Semestre 1-2024\SW2\Proyecto Final\frontend-p2w2\src\environments\environment.ts", "TypeScript", 0, 0, 0, 5, 0, 0, 0, 0, 0, 1, 1, 7
"c:\Users\Alejandro\Desktop\Semestre 1-2024\SW2\Proyecto Final\frontend-p2w2\src\index.html", "HTML", 0, 0, 0, 0, 21, 0, 0, 0, 0, 0, 3, 24
"c:\Users\Alejandro\Desktop\Semestre 1-2024\SW2\Proyecto Final\frontend-p2w2\src\main.server.ts", "TypeScript", 0, 0, 0, 5, 0, 0, 0, 0, 0, 0, 3, 8
"c:\Users\Alejandro\Desktop\Semestre 1-2024\SW2\Proyecto Final\frontend-p2w2\src\main.ts", "TypeScript", 0, 0, 0, 5, 0, 0, 0, 0, 0, 0, 2, 7
"c:\Users\Alejandro\Desktop\Semestre 1-2024\SW2\Proyecto Final\frontend-p2w2\src\styles.css", "CSS", 0, 0, 0, 0, 0, 5, 0, 0, 0, 0, 4, 9
"c:\Users\Alejandro\Desktop\Semestre 1-2024\SW2\Proyecto Final\frontend-p2w2\tailwind.config.js", "JavaScript", 0, 35, 0, 0, 0, 0, 0, 0, 0, 1, 1, 37
"c:\Users\Alejandro\Desktop\Semestre 1-2024\SW2\Proyecto Final\frontend-p2w2\tsconfig.app.json", "JSON", 0, 0, 17, 0, 0, 0, 0, 0, 0, 1, 1, 19
"c:\Users\Alejandro\Desktop\Semestre 1-2024\SW2\Proyecto Final\frontend-p2w2\tsconfig.json", "JSON with Comments", 32, 0, 0, 0, 0, 0, 0, 0, 0, 1, 1, 34
"c:\Users\Alejandro\Desktop\Semestre 1-2024\SW2\Proyecto Final\frontend-p2w2\tsconfig.spec.json", "JSON", 0, 0, 13, 0, 0, 0, 0, 0, 0, 1, 1, 15
"Total", "-", 32, 35, 14253, 2094, 1147, 98, 90, 15, 15, 292, 446, 18517